layer,head,auc
15,6,0.7822814128546614
13,11,0.779297135985034
15,9,0.7781167876709277
16,8,0.7727272727272728
13,6,0.760589728742595
16,10,0.7513028372900985
18,5,0.7484967262037326
15,11,0.7468486927085654
16,7,0.7466482562023963
14,7,0.745401095719567
13,7,0.744666161863614
16,3,0.7441984766825531
15,0,0.7420159458376019
15,5,0.7375840719789764
16,2,0.7366264308939467
16,6,0.7361364749899781
16,9,0.7343548171573648
12,1,0.7338648612533962
18,0,0.732751325108013
17,3,0.7305910649859695
13,4,0.7291880094427865
14,6,0.7251124671506837
13,9,0.7223286267872254
13,2,0.721415527148011
12,0,0.7210369248585808
16,0,0.7192552670259676
13,10,0.7191216426885215
17,5,0.7170727361810164
19,1,0.7163155316021559
15,7,0.7147788517215268
12,11,0.7141775422030199
12,6,0.7137766691906818
16,11,0.7123958843704067
14,9,0.7118613870206227
16,1,0.7111264531646697
17,4,0.7109482873814086
18,4,0.7099015634047481
15,2,0.7095452318382255
15,8,0.7091889002717027
12,7,0.7066723085831365
19,8,0.7056033138835687
14,11,0.7052692530399537
12,10,0.7039107389425862
13,5,0.703910738942586
18,3,0.7026413077368491
15,1,0.7025522248452185
11,10,0.7024631419535878
20,10,0.7021068103870651
14,8,0.7014386886998352
12,9,0.7013496058082045
11,2,0.7003251525544518
15,10,0.7002583403857288
11,5,0.6984766825531157
18,1,0.697919914480424
18,2,0.6965391296601486
8,0,0.6953810520689501
17,2,0.6945570353213666
13,8,0.6940448086944901
14,2,0.6935325820676139
11,1,0.6913500512226627
16,4,0.6911718854394013
20,0,0.6904369515834485
7,5,0.6878980891719745
24,2,0.6878312770032515
19,11,0.6876531112199902
17,0,0.6871854260389292
13,1,0.6864504921829762
24,4,0.6861609727851766
11,7,0.6857600997728386
13,3,0.684869270856532
19,5,0.6839561712173178
10,10,0.6827758229032114
24,5,0.6815286624203821
12,2,0.6807046456727985
8,2,0.6769186227784953
8,4,0.6766291033806956
27,11,0.6764063961516191
19,2,0.6757382744643892
9,10,0.6755823794040354
14,10,0.6755601086811278
18,10,0.6754042136207741
11,9,0.6748251748251748
20,1,0.6740234288004988
11,3,0.6735557436194379
20,6,0.6733330363903612
12,5,0.6729989755467461
10,11,0.6723976660282392
10,6,0.6708609861476102
13,0,0.6696806378335041
19,3,0.6686116431339362
10,7,0.6678989800008908
14,0,0.6663845708431695
16,5,0.6653155761436016
11,6,0.6643802057814797
19,0,0.6634002939735424
12,3,0.6633780232506346
9,6,0.662821255177943
19,7,0.6623312992739744
24,1,0.6616631775867444
17,7,0.6609505144536991
18,9,0.6608614315620684
10,3,0.6595697296334239
21,2,0.658968420114917
3,6,0.6587679836087479
14,3,0.6586120885483941
10,1,0.6585898178254866
17,1,0.6574317402342879
6,7,0.6572535744510266
0,1,0.6567190771012427
21,6,0.6563850162576277
11,8,0.6558727896307515
25,3,0.6553382922809674
10,8,0.6549596899915371
18,11,0.6549374192686294
20,8,0.6548260656540912
11,4,0.6543138390272148
20,2,0.6542692975813996
10,0,0.6536902587858001
12,4,0.6528662420382166
11,11,0.6527994298694936
15,4,0.6526212640862322
24,0,0.6525321811946017
17,8,0.6496592579395127
11,0,0.6482784731192375
10,2,0.6475880807090999
9,4,0.6463631909491782
9,1,0.6456727985390405
9,2,0.6453610084183333
24,3,0.6449601354059953
20,3,0.6444924502249343
19,9,0.6442920137187653
23,6,0.6438911407064273
20,4,0.6436684334773507
22,3,0.643111665404659
10,4,0.642710792392321
26,4,0.6420872121509065
18,8,0.6418645049218298
1,5,0.6415972562469379
8,3,0.6414636319094918
21,7,0.6408177809451694
12,8,0.6396151619081555
18,7,0.6390361231125563
24,6,0.6386352501002183
19,4,0.637254465279943
7,0,0.637254465279943
24,11,0.6364527192552669
9,11,0.636051846242929
17,9,0.6360295755200214
7,3,0.6360073047971136
21,8,0.6357400561222217
10,9,0.6355841610618681
23,7,0.6354950781702375
25,10,0.6353169123869762
14,1,0.6339361275667008
8,6,0.6334461716627321
1,4,0.6334239009398244
1,2,0.6332680058794709
19,6,0.6327557792525945
20,9,0.6325776134693332
21,4,0.6321767404569951
9,8,0.6304173533472897
6,0,0.6302169168411207
7,2,0.6279898445503541
19,10,0.6277225958754622
15,3,0.6272994521402164
21,5,0.6272103692485858
1,11,0.6270990156340475
21,3,0.627054474188232
24,9,0.6261859159948331
5,0,0.6251169212952652
22,4,0.6244933410538506
9,7,0.6242929045476817
14,4,0.6232907220168367
7,4,0.6230234733419446
1,1,0.6222885394859917
21,11,0.6211750033406085
6,8,0.6205068816533785
6,9,0.6201950915326712
8,7,0.6197496770745179
23,11,0.6194378869538104
24,7,0.6192374504476416
25,0,0.6181016435793506
17,11,0.6173221682775822
5,9,0.617210814663044
10,5,0.6153623446617077
20,7,0.6153400739388001
24,8,0.6140929134559708
7,1,0.6136697697207252
26,11,0.6134247917687408
9,3,0.6126675871898801
26,9,0.6124894214066189
21,10,0.6122667141775422
6,6,0.6117099461048505
17,10,0.6116654046590353
23,1,0.6115540510444969
3,1,0.610819117188544
17,6,0.6107300342969133
3,5,0.6106632221281901
20,11,0.6105295977907442
9,9,0.6105073270678366
3,4,0.6102400783929446
4,8,0.6098614761035144
7,9,0.6092601665850073
22,2,0.6087702106810388
26,8,0.6083693376687007
26,7,0.6083025254999778
6,5,0.6082357133312547
0,8,0.6082134426083471
0,0,0.6075675916440249
9,0,0.6075007794753018
1,0,0.6074116965836711
2,9,0.6070330942942408
6,3,0.604360607545321
26,10,0.603425237183199
2,4,0.6028907398334149
3,2,0.602623491158523
7,8,0.6025344082668923
4,11,0.602423054652354
21,1,0.6014876842902321
2,0,0.6012649770611554
18,6,0.6011758941695247
5,4,0.600685938265556
22,0,0.6006636675426484
23,10,0.6005745846510178
25,11,0.6000623580241413
8,5,0.5997505679034342
3,8,0.5996837557347112
27,0,0.5989933633245734
8,11,0.5987706560954968
26,2,0.59816934657699
23,2,0.5981248051311745
5,2,0.596098169346577
23,8,0.5960536279007617
25,2,0.5945392187430404
7,6,0.594227428622333
4,5,0.5933811411518417
3,7,0.5933588704289341
5,5,0.5928021023562425
4,6,0.5927130194646119
0,7,0.5926239365729812
2,10,0.5913545053672442
20,5,0.5909981738007215
21,9,0.5909313616319986
4,10,0.5907086544029219
27,8,0.5906641129571066
27,6,0.5906418422341989
3,10,0.5891942452452006
1,3,0.589171974522293
2,11,0.5890606209077547
8,8,0.588971538016124
23,9,0.5882588748830787
1,9,0.5882143334372634
8,9,0.5872789630751414
6,2,0.5870562558460647
5,8,0.586499487773373
4,7,0.5858981782548662
6,11,0.5850964322301901
9,5,0.5848291835552982
21,0,0.5841387911451605
6,10,0.5840719789764376
2,1,0.5838938131931762
3,3,0.5836042937953766
3,9,0.5828916306623313
0,5,0.5826243819874393
27,5,0.5820230724689324
4,3,0.5816221994565943
24,10,0.5805309340341187
4,1,0.5804195804195804
6,1,0.5799518952385194
23,5,0.5799296245156118
3,11,0.5798628123468889
8,1,0.5797069172865351
1,7,0.5793060442741971
8,10,0.5791056077680281
25,1,0.5785042982495211
27,2,0.5783706739120751
5,3,0.5772125963208765
26,0,0.5760990601754933
6,4,0.5759431651151397
22,11,0.5755422921028016
5,11,0.574918711861387
25,8,0.5745401095719567
23,0,0.574250590174157
25,7,0.5737383635472808
1,6,0.5723798494499132
0,6,0.5718453521001292
25,6,0.5717339984855909
5,10,0.5700859649904236
2,8,0.5685938265556101
4,4,0.56859382655561
3,0,0.5685047436639793
26,3,0.56725758318115
26,6,0.5667453565542737
0,10,0.5667230858313661
5,1,0.5652309473965524
27,3,0.5642064941427999
4,9,0.5640505990824463
25,9,0.5636274553472005
4,0,0.5635383724555699
23,3,0.5608658857066501
22,9,0.5602423054652353
22,10,0.5601309518506971
22,6,0.5591064985969445
26,1,0.5590842278740368
5,6,0.558460647632622
0,3,0.5568794263061779
5,7,0.5554541000400872
7,7,0.5549864148590263
0,4,0.5544964589550576
27,4,0.5538951494365507
2,5,0.5532270277493208
27,10,0.5526479889537215
7,11,0.5485279052158033
22,7,0.5481047614805576
27,1,0.5450982138880228
1,10,0.5449423188276692
2,2,0.540755422921028
26,5,0.540488174246136
22,5,0.5363458197853103
25,4,0.5346309741214199
22,8,0.5333838136385907
14,5,0.5320030288183154
4,2,0.5297759565275488
1,8,0.5214689768829895
2,7,0.5206672308583137
25,5,0.5201327335085297
22,1,0.519041468086054
0,9,0.5171929980847179
27,9,0.5169702908556412
7,10,0.5157231303728119
0,2,0.5140082847089217
2,6,0.5088637477172508
2,3,0.5080842724154826
23,4,0.49877511024007837
27,7,0.47568037058482915
0,11,0.47429958576455394
